{"cameraMode":{"drawMode":0,"name":"Shaded","section":"Shading Mode"},"sceneLighting":false,"audioPlay":false,"sceneViewState":{"showFog":true,"showMaterialUpdate":false,"showSkybox":false,"showFlares":true,"showImageEffects":true,"showParticleSystems":true},"in2DMode":false,"pivot":{"x":-0.20483505725860597,"y":0.17128902673721314,"z":0.5382260084152222},"rotation":{"x":0.04313318058848381,"y":-0.9568511247634888,"z":0.20034685730934144,"w":0.20605911314487458},"size":1.865929365158081,"orthographic":true}