{"cameraMode":{"drawMode":0,"name":"Shaded","section":"Shading Mode"},"sceneLighting":false,"audioPlay":false,"sceneViewState":{"showFog":true,"showMaterialUpdate":false,"showSkybox":false,"showFlares":true,"showImageEffects":true,"showParticleSystems":true},"in2DMode":false,"pivot":{"x":0.033731408417224887,"y":1.4194433689117432,"z":0.047829389572143558},"rotation":{"x":-0.0540611632168293,"y":-0.8135361075401306,"z":0.07660558074712753,"w":-0.5739272236824036},"size":1.2466144561767579,"orthographic":true}