{"cameraMode":{"drawMode":0,"name":"Shaded","section":"Shading Mode"},"sceneLighting":false,"audioPlay":false,"sceneViewState":{"showFog":true,"showMaterialUpdate":false,"showSkybox":false,"showFlares":true,"showImageEffects":true,"showParticleSystems":true},"in2DMode":false,"pivot":{"x":-0.5830109119415283,"y":-0.00605599582195282,"z":0.5317280292510986},"rotation":{"x":-0.0540611632168293,"y":-0.8135361075401306,"z":0.07660558074712753,"w":-0.5739272236824036},"size":3.1658620834350588,"orthographic":true}