{"cameraMode":{"drawMode":0,"name":"Shaded","section":"Shading Mode"},"sceneLighting":false,"audioPlay":false,"sceneViewState":{"showFog":true,"showMaterialUpdate":false,"showSkybox":false,"showFlares":true,"showImageEffects":true,"showParticleSystems":true},"in2DMode":false,"pivot":{"x":0.07465929538011551,"y":0.32830163836479189,"z":-0.004268229007720947},"rotation":{"x":-0.05201154574751854,"y":-0.9477174282073975,"z":0.2343304604291916,"w":-0.21032515168190003},"size":1.006766676902771,"orthographic":true}