{"cameraMode":{"drawMode":0,"name":"Shaded","section":"Shading Mode"},"sceneLighting":false,"audioPlay":false,"sceneViewState":{"showFog":true,"showMaterialUpdate":false,"showSkybox":false,"showFlares":true,"showImageEffects":true,"showParticleSystems":true},"in2DMode":false,"pivot":{"x":0.0047932714223861698,"y":0.28232187032699587,"z":0.26545292139053347},"rotation":{"x":-0.08478110283613205,"y":-0.01883859932422638,"z":0.001603726646862924,"w":-0.9962238073348999},"size":0.9723742008209229,"orthographic":true}